{
    "silu": {
        "breakpoints": [
            -1.125,
            -0.5,
            0.0625,
            0.625,
            1.25,
            2.625,
            4.0
        ],
        "slope_dff": [
            -0.078125,
            0.1484375,
            0.390625,
            0.6640625,
            0.90625,
            1.078125,
            1.078125,
            1.0
        ],
        "intercept_dff": [
            -0.3828125,
            -0.125,
            -0.0078125,
            -0.0234375,
            -0.171875,
            -0.390625,
            -0.375,
            -0.0
        ]
    }
}