{
    "silu": {
        "breakpoints": [
            -2.625,
            -1.25,
            -0.5,
            0.1875,
            1.0,
            2.4375,
            4.0
        ],
        "slope_dff": [
            -0.0703125,
            -0.078125,
            0.1171875,
            0.421875,
            0.78125,
            1.0625,
            1.078125,
            1.0
        ],
        "intercept_dff": [
            -0.3515625,
            -0.390625,
            -0.1484375,
            0.0,
            -0.0703125,
            -0.359375,
            -0.3828125,
            -0.0
        ]
    }
}