{
    "silu": {
        "breakpoints": [
            -3.0625,
            -1.4375,
            -0.75,
            -0.125,
            0.375,
            1.0,
            4.0
        ],
        "slope_dff": [
            -0.0625,
            -0.09375,
            0.046875,
            0.2890625,
            0.5625,
            0.8203125,
            1.078125,
            1.0
        ],
        "intercept_dff": [
            -0.3203125,
            -0.421875,
            -0.21875,
            -0.0390625,
            0.0,
            -0.1015625,
            -0.3828125,
            -0.0
        ]
    }
}