{
    "silu": {
        "breakpoints": [
            -2.625,
            -1.375,
            -0.75,
            -0.125,
            0.375,
            1.0,
            4.0
        ],
        "slope_dff": [
            -0.0703125,
            -0.0859375,
            0.0546875,
            0.2890625,
            0.5625,
            0.8203125,
            1.078125,
            1.0
        ],
        "intercept_dff": [
            -0.3515625,
            -0.40625,
            -0.2109375,
            -0.0390625,
            0.0,
            -0.1015625,
            -0.3828125,
            -0.0
        ]
    }
}