{
    "silu": {
        "breakpoints": [
            -3.0625,
            -2.625,
            -1.4375,
            -1.0,
            -0.625,
            -0.4375,
            -0.125,
            0.0625,
            0.5,
            0.75,
            1.1875,
            1.25,
            1.6875,
            2.625,
            4.0
        ],
        "slope_dff": [
            -0.0625,
            -0.09375,
            -0.0859375,
            0.015625,
            0.1328125,
            0.234375,
            0.3671875,
            0.4921875,
            0.6328125,
            0.7890625,
            0.9140625,
            0.984375,
            1.03125,
            1.09375,
            1.078125,
            1.0
        ],
        "intercept_dff": [
            -0.3203125,
            -0.421875,
            -0.40625,
            -0.2578125,
            -0.140625,
            -0.0703125,
            -0.015625,
            0.0,
            -0.015625,
            -0.0859375,
            -0.1796875,
            -0.2578125,
            -0.3203125,
            -0.421875,
            -0.375,
            -0.0
        ]
    }
}