{
    "silu": {
        "breakpoints": [
            -3.0625,
            -1.5625,
            -1.25,
            -0.875,
            -0.625,
            -0.375,
            -0.125,
            0.0,
            0.125,
            0.375,
            0.6875,
            1.1875,
            1.6875,
            3.4375,
            4.0
        ],
        "slope_dff": [
            -0.0625,
            -0.09375,
            -0.03125,
            0.0546875,
            0.1640625,
            0.265625,
            0.375,
            0.4765625,
            0.5390625,
            0.625,
            0.75,
            0.90625,
            1.03125,
            1.09375,
            1.0625,
            1.0
        ],
        "intercept_dff": [
            -0.3203125,
            -0.421875,
            -0.3203125,
            -0.2109375,
            -0.1171875,
            -0.0546875,
            -0.015625,
            -0.0,
            -0.0,
            -0.015625,
            -0.0625,
            -0.171875,
            -0.3203125,
            -0.421875,
            -0.3203125,
            -0.0
        ]
    }
}