{
    "silu": {
        "breakpoints": [
            -3.9375,
            -3.0,
            -1.625,
            -1.3125,
            -0.8125,
            -0.5,
            -0.25,
            0.0,
            0.375,
            0.75,
            1.1875,
            1.375,
            1.6875,
            3.4375,
            4.0
        ],
        "slope_dff": [
            -0.046875,
            -0.0703125,
            -0.09375,
            -0.03125,
            0.0625,
            0.1953125,
            0.3203125,
            0.4453125,
            0.6015625,
            0.765625,
            0.9140625,
            1.0,
            1.046875,
            1.09375,
            1.0625,
            1.0
        ],
        "intercept_dff": [
            -0.2578125,
            -0.3515625,
            -0.421875,
            -0.3203125,
            -0.203125,
            -0.09375,
            -0.03125,
            -0.0,
            -0.0078125,
            -0.0703125,
            -0.1796875,
            -0.28125,
            -0.34375,
            -0.421875,
            -0.3203125,
            -0.0
        ]
    }
}