{
    "silu": {
        "breakpoints": [
            -4.0,
            -3.5,
            -3.0,
            -1.625,
            -1.25,
            -0.75,
            -0.375,
            -0.0625,
            0.25,
            0.625,
            1.0,
            1.4375,
            1.9375,
            3.375,
            4.0
        ],
        "slope_dff": [
            -0.046875,
            -0.0625,
            -0.078125,
            -0.09375,
            -0.03125,
            0.078125,
            0.234375,
            0.3984375,
            0.546875,
            0.703125,
            0.859375,
            0.984375,
            1.0625,
            1.09375,
            1.0625,
            1.0
        ],
        "intercept_dff": [
            -0.25,
            -0.3203125,
            -0.375,
            -0.421875,
            -0.3203125,
            -0.1875,
            -0.0703125,
            -0.0078125,
            -0.0,
            -0.0390625,
            -0.1328125,
            -0.2578125,
            -0.3671875,
            -0.421875,
            -0.3203125,
            -0.0
        ]
    }
}