{
    "silu": {
        "breakpoints": [
            -4.0,
            -3.0,
            -1.625,
            -1.25,
            -0.8125,
            -0.625,
            -0.4375,
            -0.1875,
            0.0625,
            0.375,
            0.75,
            1.1875,
            1.5,
            3.375,
            4.0
        ],
        "slope_dff": [
            -0.046875,
            -0.0703125,
            -0.09375,
            -0.03125,
            0.0625,
            0.1640625,
            0.234375,
            0.34375,
            0.46875,
            0.6015625,
            0.765625,
            0.921875,
            1.015625,
            1.09375,
            1.0625,
            1.0
        ],
        "intercept_dff": [
            -0.25,
            -0.3515625,
            -0.421875,
            -0.3203125,
            -0.203125,
            -0.1171875,
            -0.0703125,
            -0.0234375,
            0.0,
            -0.0078125,
            -0.0703125,
            -0.1875,
            -0.296875,
            -0.421875,
            -0.3203125,
            -0.0
        ]
    }
}