{
    "silu": {
        "breakpoints": [
            -3.0625,
            -1.625,
            -1.25,
            -0.75,
            -0.375,
            -0.125,
            0.0625,
            0.3125,
            0.5625,
            0.875,
            1.25,
            1.625,
            3.1875,
            3.375,
            4.0
        ],
        "slope_dff": [
            -0.0625,
            -0.09375,
            -0.03125,
            0.078125,
            0.234375,
            0.3671875,
            0.4765625,
            0.59375,
            0.71875,
            0.828125,
            0.9453125,
            1.03125,
            1.09375,
            1.078125,
            1.0625,
            1.0
        ],
        "intercept_dff": [
            -0.3203125,
            -0.421875,
            -0.3203125,
            -0.1875,
            -0.0703125,
            -0.015625,
            0.0,
            -0.0078125,
            -0.046875,
            -0.109375,
            -0.2109375,
            -0.3203125,
            -0.421875,
            -0.375,
            -0.3203125,
            -0.0
        ]
    }
}