{
    "silu": {
        "breakpoints": [
            -4.0,
            -3.4375,
            -3.0625,
            -1.5,
            -1.0,
            -0.625,
            -0.3125,
            -0.0625,
            0.1875,
            0.5625,
            0.875,
            1.3125,
            2.125,
            3.4375,
            4.0
        ],
        "slope_dff": [
            -0.046875,
            -0.0625,
            -0.078125,
            -0.09375,
            0.0078125,
            0.140625,
            0.28125,
            0.40625,
            0.53125,
            0.6796875,
            0.828125,
            0.953125,
            1.0625,
            1.09375,
            1.0625,
            1.0
        ],
        "intercept_dff": [
            -0.25,
            -0.3203125,
            -0.375,
            -0.421875,
            -0.265625,
            -0.1328125,
            -0.046875,
            -0.0078125,
            0.0,
            -0.03125,
            -0.109375,
            -0.21875,
            -0.3671875,
            -0.421875,
            -0.3203125,
            -0.0
        ]
    }
}