{
    "silu": {
        "breakpoints": [
            -4.0,
            -3.375,
            -1.6875,
            -1.1875,
            -0.6875,
            -0.375,
            -0.125,
            0.125,
            0.25,
            0.5,
            0.8125,
            1.1875,
            1.5625,
            3.4375,
            4.0
        ],
        "slope_dff": [
            -0.046875,
            -0.0625,
            -0.09375,
            -0.03125,
            0.0859375,
            0.25,
            0.375,
            0.5,
            0.59375,
            0.6796875,
            0.8046875,
            0.921875,
            1.015625,
            1.09375,
            1.0625,
            1.0
        ],
        "intercept_dff": [
            -0.25,
            -0.3203125,
            -0.421875,
            -0.3203125,
            -0.1796875,
            -0.0625,
            -0.015625,
            0.0,
            -0.0078125,
            -0.03125,
            -0.09375,
            -0.1875,
            -0.296875,
            -0.421875,
            -0.3203125,
            -0.0
        ]
    }
}