{
    "silu": {
        "breakpoints": [
            -4.0,
            -3.5,
            -3.0625,
            -1.5,
            -1.0,
            -0.5625,
            -0.1875,
            0.0625,
            0.3125,
            0.5625,
            0.875,
            1.3125,
            1.5625,
            3.4375,
            4.0
        ],
        "slope_dff": [
            -0.046875,
            -0.0625,
            -0.078125,
            -0.09375,
            0.0078125,
            0.1484375,
            0.3203125,
            0.46875,
            0.59375,
            0.71875,
            0.828125,
            0.9609375,
            1.03125,
            1.09375,
            1.0625,
            1.0
        ],
        "intercept_dff": [
            -0.25,
            -0.3203125,
            -0.375,
            -0.421875,
            -0.265625,
            -0.125,
            -0.03125,
            0.0,
            -0.0078125,
            -0.046875,
            -0.109375,
            -0.2265625,
            -0.3203125,
            -0.421875,
            -0.3203125,
            -0.0
        ]
    }
}