{
    "silu": {
        "breakpoints": [
            -4.0,
            -3.375,
            -1.5625,
            -1.1875,
            -0.8125,
            -0.5,
            -0.1875,
            0.125,
            0.4375,
            0.75,
            1.1875,
            1.6875,
            1.9375,
            3.4375,
            4.0
        ],
        "slope_dff": [
            -0.046875,
            -0.0625,
            -0.09375,
            -0.015625,
            0.0703125,
            0.1953125,
            0.34375,
            0.4921875,
            0.640625,
            0.78125,
            0.921875,
            1.03125,
            1.078125,
            1.09375,
            1.0625,
            1.0
        ],
        "intercept_dff": [
            -0.25,
            -0.3203125,
            -0.421875,
            -0.296875,
            -0.1953125,
            -0.09375,
            -0.0234375,
            0.0,
            -0.015625,
            -0.078125,
            -0.1875,
            -0.3203125,
            -0.3984375,
            -0.421875,
            -0.3203125,
            -0.0
        ]
    }
}