{
    "exp": {
        "breakpoints": [
            -7.625,
            -5.625,
            -3.375,
            -2.125,
            -1.4375,
            -0.875,
            -0.4375
        ],
        "slope_dff": [
            0.0078125,
            0.046875,
            0.0078125,
            0.0703125,
            0.171875,
            0.3125,
            0.515625,
            0.8046875
        ],
        "intercept_dff": [
            0.078125,
            0.359375,
            0.046875,
            0.2578125,
            0.4765625,
            0.6796875,
            0.859375,
            0.984375
        ]
    }
}