{
    "exp": {
        "breakpoints": [
            -7.8125,
            -4.3125,
            -2.8125,
            -2.125,
            -1.5625,
            -1.0,
            -0.5
        ],
        "slope_dff": [
            0.0078125,
            -0.0,
            0.03125,
            0.0859375,
            0.1640625,
            0.28125,
            0.46875,
            0.7890625
        ],
        "intercept_dff": [
            0.0703125,
            0.0078125,
            0.140625,
            0.296875,
            0.4609375,
            0.640625,
            0.828125,
            0.984375
        ]
    }
}