{
    "exp": {
        "breakpoints": [
            -5.5,
            -3.125,
            -2.3125,
            -1.625,
            -1.125,
            -0.6875,
            -0.3125
        ],
        "slope_dff": [
            0.0234375,
            0.015625,
            0.0703125,
            0.140625,
            0.2578125,
            0.4140625,
            0.609375,
            0.859375
        ],
        "intercept_dff": [
            0.21875,
            0.0859375,
            0.2578125,
            0.421875,
            0.609375,
            0.78125,
            0.9140625,
            0.9921875
        ]
    }
}