{
    "exp": {
        "breakpoints": [
            -7.9375,
            -7.375,
            -4.375,
            -2.75,
            -1.8125,
            -1.125,
            -0.5625
        ],
        "slope_dff": [
            0.0078125,
            0.015625,
            -0.0078125,
            0.03125,
            0.1015625,
            0.234375,
            0.4296875,
            0.7578125
        ],
        "intercept_dff": [
            0.0703125,
            0.1328125,
            -0.03125,
            0.140625,
            0.3359375,
            0.578125,
            0.796875,
            0.9765625
        ]
    }
}