{
    "exp": {
        "breakpoints": [
            -7.875,
            -4.125,
            -3.0,
            -2.125,
            -1.4375,
            -0.875,
            -0.4375
        ],
        "slope_dff": [
            0.0078125,
            -0.0,
            0.03125,
            0.078125,
            0.171875,
            0.3125,
            0.515625,
            0.8046875
        ],
        "intercept_dff": [
            0.0703125,
            0.0078125,
            0.140625,
            0.28125,
            0.4765625,
            0.6796875,
            0.859375,
            0.984375
        ]
    }
}