{
    "exp": {
        "breakpoints": [
            -6.5625,
            -5.5625,
            -4.0625,
            -2.875,
            -1.875,
            -1.0625,
            -0.5
        ],
        "slope_dff": [
            0.015625,
            0.0625,
            0.0078125,
            0.03125,
            0.09375,
            0.234375,
            0.46875,
            0.796875
        ],
        "intercept_dff": [
            0.140625,
            0.453125,
            0.046875,
            0.140625,
            0.3203125,
            0.578125,
            0.828125,
            0.984375
        ]
    }
}