{
    "exp": {
        "breakpoints": [
            -7.75,
            -4.375,
            -2.75,
            -1.9375,
            -1.375,
            -0.875,
            -0.4375
        ],
        "slope_dff": [
            0.0078125,
            -0.0,
            0.03125,
            0.1015625,
            0.1953125,
            0.3203125,
            0.515625,
            0.8046875
        ],
        "intercept_dff": [
            0.0703125,
            0.0078125,
            0.140625,
            0.3359375,
            0.515625,
            0.6875,
            0.859375,
            0.984375
        ]
    }
}