{
    "rsqrt": {
        "breakpoints": [
            1.0,
            1.125,
            1.3125,
            1.5625,
            2.0,
            2.6875,
            3.5
        ],
        "slope_dff": [
            -0.8046875,
            -0.453125,
            -0.359375,
            -0.2890625,
            -0.21875,
            -0.140625,
            -0.09375,
            -0.0625
        ],
        "intercept_dff": [
            1.78125,
            1.453125,
            1.34375,
            1.25,
            1.140625,
            0.984375,
            0.859375,
            0.75
        ]
    }
}