{
    "rsqrt": {
        "breakpoints": [
            1.0,
            1.3125,
            1.5625,
            2.0625,
            2.375,
            2.6875,
            3.5
        ],
        "slope_dff": [
            -0.796875,
            -0.3984375,
            -0.2890625,
            -0.2109375,
            -0.1484375,
            -0.125,
            -0.09375,
            -0.0625
        ],
        "intercept_dff": [
            1.765625,
            1.390625,
            1.25,
            1.125,
            1.0,
            0.9453125,
            0.859375,
            0.75
        ]
    }
}