{
    "rsqrt": {
        "breakpoints": [
            1.0,
            1.3125,
            1.5625,
            2.0,
            2.6875,
            3.375,
            4.0
        ],
        "slope_dff": [
            -0.8046875,
            -0.3984375,
            -0.2890625,
            -0.21875,
            -0.140625,
            -0.09375,
            -0.0703125,
            -0.0546875
        ],
        "intercept_dff": [
            1.78125,
            1.390625,
            1.25,
            1.140625,
            0.984375,
            0.859375,
            0.78125,
            0.7265625
        ]
    }
}