{
    "rsqrt": {
        "breakpoints": [
            1.0,
            1.0625,
            1.3125,
            1.625,
            2.0,
            2.6875,
            3.5
        ],
        "slope_dff": [
            -0.796875,
            -0.46875,
            -0.3828125,
            -0.2890625,
            -0.2109375,
            -0.140625,
            -0.09375,
            -0.0625
        ],
        "intercept_dff": [
            1.765625,
            1.46875,
            1.375,
            1.25,
            1.125,
            0.984375,
            0.859375,
            0.75
        ]
    }
}