{
    "reci": {
        "breakpoints": [
            1.0,
            1.0625,
            1.25,
            1.375,
            1.5625,
            1.8125,
            2.0
        ],
        "slope_dff": [
            -1.84375,
            -0.90625,
            -0.75,
            -0.5625,
            -0.4609375,
            -0.3515625,
            -0.2734375,
            -0.1953125
        ],
        "intercept_dff": [
            2.78125,
            1.90625,
            1.734375,
            1.5,
            1.359375,
            1.1875,
            1.046875,
            0.890625
        ]
    }
}