{
    "reci": {
        "breakpoints": [
            1.0,
            1.0625,
            1.125,
            1.1875,
            1.25,
            1.3125,
            1.375,
            1.4375,
            1.5,
            1.5625,
            1.625,
            1.75,
            1.875,
            1.9375,
            2.0
        ],
        "slope_dff": [
            -1.90625,
            -0.921875,
            -0.8359375,
            -0.75,
            -0.6484375,
            -0.609375,
            -0.5625,
            -0.515625,
            -0.4609375,
            -0.4296875,
            -0.390625,
            -0.34375,
            -0.296875,
            -0.265625,
            -0.2578125,
            -0.1953125
        ],
        "intercept_dff": [
            2.8125,
            1.921875,
            1.828125,
            1.734375,
            1.609375,
            1.5625,
            1.5,
            1.4375,
            1.359375,
            1.3125,
            1.25,
            1.171875,
            1.09375,
            1.03125,
            1.015625,
            0.890625
        ]
    }
}