{
    "reci": {
        "breakpoints": [
            1.0,
            1.0625,
            1.125,
            1.1875,
            1.25,
            1.3125,
            1.375,
            1.4375,
            1.5,
            1.5625,
            1.625,
            1.8125,
            1.875,
            1.9375,
            2.0
        ],
        "slope_dff": [
            -1.859375,
            -0.921875,
            -0.8359375,
            -0.734375,
            -0.6484375,
            -0.609375,
            -0.5625,
            -0.515625,
            -0.484375,
            -0.4296875,
            -0.390625,
            -0.34375,
            -0.296875,
            -0.2734375,
            -0.2578125,
            -0.203125
        ],
        "intercept_dff": [
            2.78125,
            1.921875,
            1.828125,
            1.71875,
            1.609375,
            1.5625,
            1.5,
            1.4375,
            1.390625,
            1.3125,
            1.25,
            1.171875,
            1.09375,
            1.046875,
            1.015625,
            0.8984375
        ]
    }
}