{
    "reci": {
        "breakpoints": [
            1.0,
            1.0625,
            1.125,
            1.25,
            1.3125,
            1.375,
            1.4375,
            1.5,
            1.5625,
            1.625,
            1.75,
            1.8125,
            1.875,
            1.9375,
            2.0
        ],
        "slope_dff": [
            -1.84375,
            -0.890625,
            -0.8046875,
            -0.7109375,
            -0.609375,
            -0.5390625,
            -0.4921875,
            -0.4609375,
            -0.4296875,
            -0.390625,
            -0.34375,
            -0.3046875,
            -0.2890625,
            -0.2734375,
            -0.2578125,
            -0.1953125
        ],
        "intercept_dff": [
            2.78125,
            1.890625,
            1.796875,
            1.6875,
            1.5625,
            1.46875,
            1.40625,
            1.359375,
            1.3125,
            1.25,
            1.171875,
            1.109375,
            1.078125,
            1.046875,
            1.015625,
            0.890625
        ]
    }
}