{
    "reci": {
        "breakpoints": [
            1.0,
            1.0625,
            1.1875,
            1.25,
            1.3125,
            1.375,
            1.4375,
            1.5,
            1.5625,
            1.625,
            1.75,
            1.8125,
            1.875,
            1.9375,
            2.0
        ],
        "slope_dff": [
            -1.90625,
            -0.9375,
            -0.8046875,
            -0.6875,
            -0.609375,
            -0.5390625,
            -0.4921875,
            -0.453125,
            -0.4296875,
            -0.390625,
            -0.34375,
            -0.3046875,
            -0.2890625,
            -0.265625,
            -0.2578125,
            -0.1953125
        ],
        "intercept_dff": [
            2.8125,
            1.9375,
            1.796875,
            1.65625,
            1.5625,
            1.46875,
            1.40625,
            1.34375,
            1.3125,
            1.25,
            1.171875,
            1.109375,
            1.078125,
            1.03125,
            1.015625,
            0.890625
        ]
    }
}