{
    "reci": {
        "breakpoints": [
            1.0,
            1.0625,
            1.125,
            1.1875,
            1.25,
            1.3125,
            1.375,
            1.4375,
            1.5,
            1.5625,
            1.625,
            1.8125,
            1.875,
            1.9375,
            2.0
        ],
        "slope_dff": [
            -1.859375,
            -0.9375,
            -0.8359375,
            -0.75,
            -0.671875,
            -0.5859375,
            -0.5390625,
            -0.5078125,
            -0.4765625,
            -0.4296875,
            -0.390625,
            -0.34375,
            -0.2890625,
            -0.265625,
            -0.2578125,
            -0.1953125
        ],
        "intercept_dff": [
            2.78125,
            1.9375,
            1.828125,
            1.734375,
            1.640625,
            1.53125,
            1.46875,
            1.421875,
            1.375,
            1.3125,
            1.25,
            1.171875,
            1.078125,
            1.03125,
            1.015625,
            0.890625
        ]
    }
}