{
    "gelu": {
        "breakpoints": [
            -2.3125,
            -0.75,
            -0.25,
            0.25,
            0.75,
            2.1875,
            3.0
        ],
        "slope_dff": [
            -0.0078125,
            -0.109375,
            0.140625,
            0.5,
            0.859375,
            1.109375,
            1.03125,
            1.0
        ],
        "intercept_dff": [
            -0.03125,
            -0.265625,
            -0.078125,
            0.0078125,
            -0.078125,
            -0.265625,
            -0.09375,
            -0.0
        ]
    }
}