{
    "gelu": {
        "breakpoints": [
            -2.3125,
            -0.8125,
            -0.4375,
            -0.0625,
            0.375,
            0.8125,
            2.375
        ],
        "slope_dff": [
            -0.0078125,
            -0.109375,
            0.0625,
            0.296875,
            0.6328125,
            0.9296875,
            1.109375,
            1.0
        ],
        "intercept_dff": [
            -0.03125,
            -0.265625,
            -0.125,
            -0.0234375,
            -0.0078125,
            -0.1171875,
            -0.265625,
            -0.0
        ]
    }
}