{
    "gelu": {
        "breakpoints": [
            -2.3125,
            -0.8125,
            -0.375,
            0.0,
            0.375,
            0.8125,
            2.375
        ],
        "slope_dff": [
            -0.0078125,
            -0.109375,
            0.0859375,
            0.359375,
            0.640625,
            0.9140625,
            1.109375,
            1.0
        ],
        "intercept_dff": [
            -0.03125,
            -0.265625,
            -0.109375,
            -0.0078125,
            -0.0078125,
            -0.109375,
            -0.265625,
            -0.0
        ]
    }
}