{
    "gelu": {
        "breakpoints": [
            -2.3125,
            -0.75,
            -0.25,
            0.25,
            0.75,
            2.0625,
            2.8125
        ],
        "slope_dff": [
            -0.0078125,
            -0.109375,
            0.125,
            0.5,
            0.875,
            1.109375,
            1.046875,
            1.0
        ],
        "intercept_dff": [
            -0.03125,
            -0.265625,
            -0.0859375,
            0.0078125,
            -0.0859375,
            -0.265625,
            -0.1328125,
            -0.0
        ]
    }
}