{
    "gelu": {
        "breakpoints": [
            -2.375,
            -1.75,
            -0.75,
            -0.25,
            0.25,
            0.6875,
            2.625
        ],
        "slope_dff": [
            -0.0078125,
            -0.078125,
            -0.109375,
            0.140625,
            0.5,
            0.8359375,
            1.09375,
            1.0
        ],
        "intercept_dff": [
            -0.03125,
            -0.203125,
            -0.265625,
            -0.078125,
            0.0078125,
            -0.0703125,
            -0.2421875,
            -0.0
        ]
    }
}