{
    "gelu": {
        "breakpoints": [
            -2.375,
            -1.75,
            -0.75,
            -0.25,
            0.25,
            0.8125,
            2.375
        ],
        "slope_dff": [
            -0.0078125,
            -0.078125,
            -0.109375,
            0.140625,
            0.5,
            0.875,
            1.109375,
            1.0
        ],
        "intercept_dff": [
            -0.03125,
            -0.203125,
            -0.265625,
            -0.078125,
            0.0078125,
            -0.0859375,
            -0.265625,
            -0.0
        ]
    }
}