{
    "gelu": {
        "breakpoints": [
            -3.625,
            -2.25,
            -0.75,
            -0.3125,
            0.125,
            0.625,
            2.5625
        ],
        "slope_dff": [
            -0.0,
            -0.015625,
            -0.109375,
            0.1171875,
            0.4140625,
            0.765625,
            1.09375,
            1.0
        ],
        "intercept_dff": [
            -0.0,
            -0.0546875,
            -0.265625,
            -0.09375,
            0.0,
            -0.0390625,
            -0.2421875,
            -0.0
        ]
    }
}