{
    "exp": {
        "breakpoints": [
            -7.75,
            -6.1875,
            -6.0,
            -5.625,
            -5.5625,
            -3.9375,
            -3.0,
            -2.375,
            -2.0625,
            -1.5,
            -1.0625,
            -0.6875,
            -0.4375,
            -0.25,
            -0.0
        ],
        "slope_dff": [
            0.0078125,
            0.03125,
            0.0703125,
            0.09375,
            -1.15625,
            0.0078125,
            0.03125,
            0.0703125,
            0.109375,
            0.171875,
            0.28125,
            0.4140625,
            0.5703125,
            0.7109375,
            0.8671875,
            0.9921875
        ],
        "intercept_dff": [
            0.0703125,
            0.25,
            0.5,
            0.6484375,
            -6.3125,
            0.046875,
            0.140625,
            0.2578125,
            0.3515625,
            0.4765625,
            0.640625,
            0.78125,
            0.890625,
            0.953125,
            0.9921875,
            1.0
        ]
    }
}