{
    "exp": {
        "breakpoints": [
            -7.6875,
            -6.75,
            -5.75,
            -5.5625,
            -4.0625,
            -3.0,
            -2.9375,
            -2.4375,
            -2.125,
            -1.625,
            -1.1875,
            -1.0625,
            -0.8125,
            -0.5,
            -0.3125
        ],
        "slope_dff": [
            0.0078125,
            0.0234375,
            0.0625,
            -0.109375,
            0.0078125,
            0.03125,
            0.0546875,
            0.0703125,
            0.1015625,
            0.15625,
            0.2421875,
            0.3203125,
            0.390625,
            0.515625,
            0.6640625,
            0.8515625
        ],
        "intercept_dff": [
            0.0703125,
            0.1953125,
            0.4609375,
            -0.5,
            0.046875,
            0.140625,
            0.2109375,
            0.2578125,
            0.3359375,
            0.4453125,
            0.5859375,
            0.6875,
            0.7578125,
            0.859375,
            0.9375,
            0.9921875
        ]
    }
}