{
    "exp": {
        "breakpoints": [
            -7.875,
            -7.5,
            -6.9375,
            -6.1875,
            -5.6875,
            -5.5625,
            -4.0625,
            -3.0,
            -2.375,
            -1.9375,
            -1.5625,
            -1.0625,
            -0.75,
            -0.5,
            -0.25
        ],
        "slope_dff": [
            0.0078125,
            0.015625,
            0.0234375,
            0.046875,
            0.0859375,
            -0.125,
            0.0078125,
            0.03125,
            0.0703125,
            0.1171875,
            0.171875,
            0.2734375,
            0.4140625,
            0.5546875,
            0.6875,
            0.875
        ],
        "intercept_dff": [
            0.0703125,
            0.1328125,
            0.1953125,
            0.3515625,
            0.59375,
            -0.6015625,
            0.046875,
            0.140625,
            0.2578125,
            0.3671875,
            0.4765625,
            0.6328125,
            0.78125,
            0.8828125,
            0.9453125,
            0.9921875
        ]
    }
}