{
    "exp": {
        "breakpoints": [
            -7.8125,
            -7.5,
            -6.9375,
            -6.875,
            -5.5625,
            -4.0625,
            -2.9375,
            -2.375,
            -2.0625,
            -1.8125,
            -1.4375,
            -1.0625,
            -0.75,
            -0.4375,
            -0.25
        ],
        "slope_dff": [
            0.0078125,
            0.015625,
            0.0234375,
            0.03125,
            0.0625,
            0.0078125,
            0.03125,
            0.0703125,
            0.109375,
            0.1484375,
            0.1953125,
            0.2890625,
            0.4140625,
            0.5546875,
            0.703125,
            0.875
        ],
        "intercept_dff": [
            0.0703125,
            0.1328125,
            0.1953125,
            0.25,
            0.4609375,
            0.046875,
            0.140625,
            0.2578125,
            0.3515625,
            0.4296875,
            0.515625,
            0.6484375,
            0.78125,
            0.8828125,
            0.953125,
            0.9921875
        ]
    }
}