{
    "exp": {
        "breakpoints": [
            -7.875,
            -7.3125,
            -6.5625,
            -5.875,
            -5.5625,
            -4.375,
            -3.9375,
            -3.0,
            -2.375,
            -1.9375,
            -1.625,
            -1.125,
            -0.75,
            -0.5,
            -0.25
        ],
        "slope_dff": [
            0.0078125,
            0.015625,
            0.03125,
            0.0625,
            -0.0703125,
            0.0078125,
            0.015625,
            0.03125,
            0.0703125,
            0.1171875,
            0.171875,
            0.2578125,
            0.390625,
            0.53125,
            0.6875,
            0.8828125
        ],
        "intercept_dff": [
            0.0703125,
            0.140625,
            0.25,
            0.453125,
            -0.296875,
            0.046875,
            0.078125,
            0.140625,
            0.2578125,
            0.3671875,
            0.4765625,
            0.609375,
            0.7578125,
            0.8671875,
            0.9453125,
            0.9921875
        ]
    }
}