{
    "exp": {
        "breakpoints": [
            -7.5,
            -7.125,
            -5.75,
            -5.5625,
            -4.0625,
            -2.9375,
            -2.4375,
            -2.0,
            -1.5625,
            -1.1875,
            -1.0,
            -0.875,
            -0.6875,
            -0.375,
            -0.25
        ],
        "slope_dff": [
            0.0078125,
            0.0234375,
            0.0546875,
            -0.2265625,
            0.0078125,
            0.03125,
            0.0703125,
            0.109375,
            0.171875,
            0.2578125,
            0.3359375,
            0.390625,
            0.4609375,
            0.59375,
            0.734375,
            0.8828125
        ],
        "intercept_dff": [
            0.078125,
            0.1796875,
            0.40625,
            -1.171875,
            0.046875,
            0.140625,
            0.2578125,
            0.3515625,
            0.4765625,
            0.609375,
            0.703125,
            0.7578125,
            0.8203125,
            0.90625,
            0.9609375,
            0.9921875
        ]
    }
}