{
    "exp": {
        "breakpoints": [
            -7.5,
            -6.875,
            -5.5625,
            -4.0,
            -3.0,
            -2.625,
            -2.5625,
            -2.0625,
            -1.5,
            -1.3125,
            -0.9375,
            -0.875,
            -0.75,
            -0.4375,
            -0.25
        ],
        "slope_dff": [
            0.0078125,
            0.0234375,
            0.0625,
            0.0078125,
            0.03125,
            0.0625,
            0.078125,
            0.1015625,
            0.171875,
            0.2421875,
            0.328125,
            0.40625,
            0.4453125,
            0.5546875,
            0.703125,
            0.875
        ],
        "intercept_dff": [
            0.078125,
            0.1953125,
            0.4609375,
            0.046875,
            0.140625,
            0.234375,
            0.2734375,
            0.3359375,
            0.4765625,
            0.5859375,
            0.6953125,
            0.7734375,
            0.8046875,
            0.8828125,
            0.953125,
            0.9921875
        ]
    }
}