{
    "exp": {
        "breakpoints": [
            -6.5,
            -5.5625,
            -4.125,
            -4.0,
            -3.0,
            -2.5625,
            -2.0625,
            -1.625,
            -1.5,
            -1.375,
            -0.9375,
            -0.875,
            -0.6875,
            -0.4375,
            -0.25
        ],
        "slope_dff": [
            0.015625,
            0.0546875,
            0.0078125,
            0.015625,
            0.03125,
            0.0625,
            0.1015625,
            0.1640625,
            0.2109375,
            0.2421875,
            0.3125,
            0.3984375,
            0.453125,
            0.5703125,
            0.703125,
            0.8828125
        ],
        "intercept_dff": [
            0.140625,
            0.390625,
            0.046875,
            0.0859375,
            0.140625,
            0.234375,
            0.3359375,
            0.4609375,
            0.5390625,
            0.5859375,
            0.6796875,
            0.765625,
            0.8125,
            0.890625,
            0.953125,
            0.9921875
        ]
    }
}