{
    "exp": {
        "breakpoints": [
            -7.5625,
            -6.375,
            -6.1875,
            -6.0625,
            -5.5625,
            -4.0625,
            -3.0,
            -2.375,
            -2.0625,
            -1.625,
            -1.5,
            -1.0625,
            -0.8125,
            -0.5,
            -0.25
        ],
        "slope_dff": [
            0.0078125,
            0.03125,
            0.0625,
            0.0703125,
            0.0234375,
            0.0078125,
            0.03125,
            0.0703125,
            0.109375,
            0.1640625,
            0.2109375,
            0.28125,
            0.390625,
            0.515625,
            0.6796875,
            0.875
        ],
        "intercept_dff": [
            0.078125,
            0.25,
            0.4453125,
            0.5078125,
            0.2265625,
            0.046875,
            0.140625,
            0.2578125,
            0.3515625,
            0.4609375,
            0.5390625,
            0.640625,
            0.7578125,
            0.859375,
            0.9453125,
            0.9921875
        ]
    }
}