{
    "exp": {
        "breakpoints": [
            -7.875,
            -7.4375,
            -7.0,
            -6.875,
            -6.1875,
            -5.5625,
            -4.0625,
            -4.0,
            -3.0,
            -2.3125,
            -2.0,
            -1.625,
            -1.125,
            -0.6875,
            -0.3125
        ],
        "slope_dff": [
            0.0078125,
            0.015625,
            0.0234375,
            0.03125,
            0.046875,
            0.0546875,
            0.0078125,
            0.015625,
            0.03125,
            0.0703125,
            0.1171875,
            0.1640625,
            0.2578125,
            0.4140625,
            0.609375,
            0.859375
        ],
        "intercept_dff": [
            0.0703125,
            0.1328125,
            0.1953125,
            0.25,
            0.3515625,
            0.4140625,
            0.046875,
            0.0859375,
            0.140625,
            0.2578125,
            0.3671875,
            0.4609375,
            0.609375,
            0.78125,
            0.9140625,
            0.9921875
        ]
    }
}