{
    "gelu": {
        "breakpoints": [
            -3.5625,
            -2.3125,
            -1.8125,
            -1.125,
            -0.8125,
            -0.625,
            -0.375,
            -0.125,
            0.0625,
            0.25,
            0.5625,
            0.8125,
            1.625,
            2.5625,
            3.1875
        ],
        "slope_dff": [
            -0.0,
            -0.015625,
            -0.078125,
            -0.125,
            -0.078125,
            0.0078125,
            0.1328125,
            0.296875,
            0.453125,
            0.625,
            0.8125,
            0.9609375,
            1.109375,
            1.078125,
            1.015625,
            1.0
        ],
        "intercept_dff": [
            -0.0,
            -0.0546875,
            -0.203125,
            -0.2890625,
            -0.234375,
            -0.1640625,
            -0.0859375,
            -0.0234375,
            0.0,
            -0.0078125,
            -0.0625,
            -0.140625,
            -0.265625,
            -0.203125,
            -0.0546875,
            -0.0
        ]
    }
}