{
    "gelu": {
        "breakpoints": [
            -3.5,
            -2.3125,
            -1.8125,
            -1.125,
            -0.8125,
            -0.5,
            -0.1875,
            0.0625,
            0.375,
            0.625,
            0.75,
            1.25,
            1.8125,
            2.3125,
            3.6875
        ],
        "slope_dff": [
            -0.0,
            -0.015625,
            -0.078125,
            -0.125,
            -0.078125,
            0.0390625,
            0.2421875,
            0.4453125,
            0.6640625,
            0.8671875,
            0.984375,
            1.078125,
            1.125,
            1.078125,
            1.015625,
            1.0
        ],
        "intercept_dff": [
            -0.0,
            -0.0546875,
            -0.203125,
            -0.2890625,
            -0.234375,
            -0.140625,
            -0.0390625,
            0.0,
            -0.015625,
            -0.0859375,
            -0.15625,
            -0.234375,
            -0.2890625,
            -0.203125,
            -0.0546875,
            -0.0
        ]
    }
}