{
    "gelu": {
        "breakpoints": [
            -3.4375,
            -2.4375,
            -1.8125,
            -1.125,
            -0.8125,
            -0.5625,
            -0.3125,
            -0.1875,
            0.0625,
            0.25,
            0.5625,
            0.8125,
            2.25,
            3.6875,
            4.0
        ],
        "slope_dff": [
            -0.0,
            -0.015625,
            -0.0703125,
            -0.125,
            -0.078125,
            0.0390625,
            0.1875,
            0.3046875,
            0.453125,
            0.6171875,
            0.796875,
            0.9609375,
            1.109375,
            1.015625,
            1.0,
            1.0
        ],
        "intercept_dff": [
            -0.0,
            -0.0546875,
            -0.1875,
            -0.2890625,
            -0.234375,
            -0.140625,
            -0.0625,
            -0.0234375,
            0.0,
            -0.0078125,
            -0.0546875,
            -0.140625,
            -0.265625,
            -0.0546875,
            -0.0,
            -0.0
        ]
    }
}