{
    "gelu": {
        "breakpoints": [
            -3.375,
            -2.875,
            -2.375,
            -1.75,
            -1.125,
            -0.75,
            -0.375,
            -0.125,
            0.0625,
            0.3125,
            0.4375,
            0.5625,
            0.875,
            2.25,
            2.875
        ],
        "slope_dff": [
            -0.0,
            -0.0078125,
            -0.03125,
            -0.078125,
            -0.125,
            -0.0625,
            0.1015625,
            0.3046875,
            0.4765625,
            0.65625,
            0.7890625,
            0.8515625,
            0.9765625,
            1.109375,
            1.03125,
            1.0
        ],
        "intercept_dff": [
            -0.0,
            -0.03125,
            -0.09375,
            -0.203125,
            -0.2890625,
            -0.21875,
            -0.1015625,
            -0.0234375,
            0.0,
            -0.015625,
            -0.0546875,
            -0.078125,
            -0.1484375,
            -0.265625,
            -0.09375,
            -0.0
        ]
    }
}