{
    "gelu": {
        "breakpoints": [
            -3.5,
            -2.3125,
            -1.6875,
            -1.1875,
            -0.75,
            -0.4375,
            -0.1875,
            0.0625,
            0.3125,
            0.5625,
            0.875,
            1.25,
            1.6875,
            2.125,
            3.125
        ],
        "slope_dff": [
            -0.0,
            -0.015625,
            -0.0859375,
            -0.125,
            -0.0703125,
            0.078125,
            0.25,
            0.453125,
            0.6640625,
            0.8359375,
            0.984375,
            1.09375,
            1.125,
            1.09375,
            1.03125,
            1.0
        ],
        "intercept_dff": [
            -0.0,
            -0.0546875,
            -0.21875,
            -0.2890625,
            -0.2265625,
            -0.1171875,
            -0.0390625,
            0.0,
            -0.015625,
            -0.0703125,
            -0.15625,
            -0.25,
            -0.2890625,
            -0.234375,
            -0.09375,
            -0.0
        ]
    }
}