{
    "gelu": {
        "breakpoints": [
            -3.5,
            -2.375,
            -1.8125,
            -1.1875,
            -0.9375,
            -0.6875,
            -0.5,
            -0.25,
            -0.0625,
            0.1875,
            0.5,
            0.8125,
            1.3125,
            2.125,
            2.6875
        ],
        "slope_dff": [
            -0.0,
            -0.015625,
            -0.078125,
            -0.125,
            -0.09375,
            -0.0234375,
            0.078125,
            0.2265625,
            0.375,
            0.546875,
            0.7578125,
            0.953125,
            1.09375,
            1.109375,
            1.046875,
            1.0
        ],
        "intercept_dff": [
            -0.0,
            -0.0546875,
            -0.203125,
            -0.2890625,
            -0.25,
            -0.1875,
            -0.1171875,
            -0.046875,
            -0.0078125,
            0.0,
            -0.0390625,
            -0.1328125,
            -0.25,
            -0.265625,
            -0.1328125,
            -0.0
        ]
    }
}