{
    "gelu": {
        "breakpoints": [
            -3.625,
            -2.375,
            -1.8125,
            -1.1875,
            -0.75,
            -0.375,
            -0.25,
            -0.0625,
            0.125,
            0.375,
            0.5625,
            0.75,
            1.1875,
            2.25,
            3.0
        ],
        "slope_dff": [
            -0.0,
            -0.015625,
            -0.078125,
            -0.125,
            -0.0703125,
            0.1015625,
            0.25,
            0.3671875,
            0.5234375,
            0.6953125,
            0.8515625,
            0.9609375,
            1.078125,
            1.109375,
            1.03125,
            1.0
        ],
        "intercept_dff": [
            -0.0,
            -0.0546875,
            -0.203125,
            -0.2890625,
            -0.2265625,
            -0.1015625,
            -0.0390625,
            -0.0078125,
            0.0,
            -0.0234375,
            -0.078125,
            -0.140625,
            -0.234375,
            -0.265625,
            -0.09375,
            -0.0
        ]
    }
}