{
    "gelu": {
        "breakpoints": [
            -3.5,
            -2.375,
            -1.8125,
            -1.25,
            -0.875,
            -0.625,
            -0.4375,
            -0.125,
            0.0625,
            0.375,
            0.5625,
            0.8125,
            1.625,
            2.1875,
            2.625
        ],
        "slope_dff": [
            -0.0,
            -0.015625,
            -0.078125,
            -0.125,
            -0.09375,
            0.0078125,
            0.1328125,
            0.296875,
            0.484375,
            0.671875,
            0.8359375,
            0.9609375,
            1.109375,
            1.09375,
            1.046875,
            1.0
        ],
        "intercept_dff": [
            -0.0,
            -0.0546875,
            -0.203125,
            -0.2890625,
            -0.25,
            -0.1640625,
            -0.0859375,
            -0.0234375,
            0.0,
            -0.015625,
            -0.0703125,
            -0.140625,
            -0.265625,
            -0.234375,
            -0.1328125,
            -0.0
        ]
    }
}