{
    "gelu": {
        "breakpoints": [
            -3.5,
            -2.375,
            -1.8125,
            -1.1875,
            -0.9375,
            -0.6875,
            -0.375,
            -0.1875,
            0.0625,
            0.375,
            0.5625,
            1.0625,
            1.625,
            2.25,
            3.6875
        ],
        "slope_dff": [
            -0.0,
            -0.015625,
            -0.078125,
            -0.125,
            -0.09375,
            -0.015625,
            0.1171875,
            0.2734375,
            0.453125,
            0.671875,
            0.8515625,
            1.015625,
            1.125,
            1.09375,
            1.015625,
            1.0
        ],
        "intercept_dff": [
            -0.0,
            -0.0546875,
            -0.203125,
            -0.2890625,
            -0.25,
            -0.1796875,
            -0.09375,
            -0.03125,
            0.0,
            -0.015625,
            -0.078125,
            -0.1796875,
            -0.2890625,
            -0.234375,
            -0.0546875,
            -0.0
        ]
    }
}