{
    "gelu": {
        "breakpoints": [
            -3.5,
            -2.375,
            -1.8125,
            -1.125,
            -0.8125,
            -0.5625,
            -0.25,
            -0.0625,
            0.125,
            0.3125,
            0.5625,
            0.875,
            1.5625,
            2.25,
            3.5625
        ],
        "slope_dff": [
            -0.0,
            -0.015625,
            -0.078125,
            -0.125,
            -0.078125,
            0.0390625,
            0.203125,
            0.3828125,
            0.5234375,
            0.6640625,
            0.8359375,
            0.984375,
            1.109375,
            1.09375,
            1.015625,
            1.0
        ],
        "intercept_dff": [
            -0.0,
            -0.0546875,
            -0.203125,
            -0.2890625,
            -0.234375,
            -0.140625,
            -0.0546875,
            -0.0078125,
            0.0,
            -0.015625,
            -0.0703125,
            -0.15625,
            -0.265625,
            -0.234375,
            -0.0546875,
            -0.0
        ]
    }
}