{
    "rsqrt": {
        "breakpoints": [
            1.0,
            1.125,
            1.375,
            1.5,
            1.625,
            1.8125,
            1.875,
            1.9375,
            2.0,
            2.0625,
            2.25,
            2.75,
            3.0,
            3.375,
            4.0
        ],
        "slope_dff": [
            -0.8046875,
            -0.453125,
            -0.359375,
            -0.2890625,
            -0.2578125,
            -0.21875,
            -0.203125,
            -0.1875,
            -0.1796875,
            -0.171875,
            -0.15625,
            -0.125,
            -0.1015625,
            -0.0859375,
            -0.0703125,
            -0.0546875
        ],
        "intercept_dff": [
            1.78125,
            1.453125,
            1.34375,
            1.25,
            1.203125,
            1.140625,
            1.109375,
            1.078125,
            1.0625,
            1.046875,
            1.015625,
            0.9453125,
            0.8828125,
            0.8359375,
            0.78125,
            0.7265625
        ]
    }
}