{
    "rsqrt": {
        "breakpoints": [
            1.0,
            1.0625,
            1.25,
            1.3125,
            1.4375,
            1.75,
            1.8125,
            1.875,
            2.0,
            2.5,
            2.5625,
            2.625,
            3.125,
            3.3125,
            4.0
        ],
        "slope_dff": [
            -0.8046875,
            -0.484375,
            -0.3984375,
            -0.3359375,
            -0.3125,
            -0.2578125,
            -0.2109375,
            -0.203125,
            -0.1875,
            -0.1484375,
            -0.125,
            -0.1171875,
            -0.1015625,
            -0.0859375,
            -0.0703125,
            -0.0546875
        ],
        "intercept_dff": [
            1.78125,
            1.484375,
            1.390625,
            1.3125,
            1.28125,
            1.203125,
            1.125,
            1.109375,
            1.078125,
            1.0,
            0.9453125,
            0.9296875,
            0.8828125,
            0.8359375,
            0.78125,
            0.7265625
        ]
    }
}