{
    "rsqrt": {
        "breakpoints": [
            1.0,
            1.0625,
            1.25,
            1.375,
            1.5,
            1.5625,
            2.0,
            2.0625,
            2.25,
            2.4375,
            2.625,
            2.6875,
            3.4375,
            3.9375,
            4.0
        ],
        "slope_dff": [
            -0.8046875,
            -0.46875,
            -0.3984375,
            -0.3359375,
            -0.2890625,
            -0.2578125,
            -0.2109375,
            -0.171875,
            -0.15625,
            -0.140625,
            -0.125,
            -0.1171875,
            -0.09375,
            -0.0703125,
            -0.0625,
            -0.0546875
        ],
        "intercept_dff": [
            1.78125,
            1.46875,
            1.390625,
            1.3125,
            1.25,
            1.203125,
            1.125,
            1.046875,
            1.015625,
            0.984375,
            0.9453125,
            0.921875,
            0.859375,
            0.78125,
            0.75,
            0.7265625
        ]
    }
}