{
    "rsqrt": {
        "breakpoints": [
            1.0,
            1.125,
            1.25,
            1.3125,
            1.375,
            1.5,
            1.625,
            2.0,
            2.6875,
            2.75,
            2.8125,
            2.9375,
            3.125,
            3.375,
            4.0
        ],
        "slope_dff": [
            -0.8046875,
            -0.453125,
            -0.3828125,
            -0.34375,
            -0.3125,
            -0.2890625,
            -0.2578125,
            -0.2109375,
            -0.140625,
            -0.109375,
            -0.109375,
            -0.1015625,
            -0.09375,
            -0.0859375,
            -0.0703125,
            -0.0546875
        ],
        "intercept_dff": [
            1.78125,
            1.453125,
            1.375,
            1.328125,
            1.28125,
            1.25,
            1.203125,
            1.125,
            0.984375,
            0.90625,
            0.90625,
            0.8828125,
            0.859375,
            0.8359375,
            0.78125,
            0.7265625
        ]
    }
}