{
    "rsqrt": {
        "breakpoints": [
            1.0,
            1.0625,
            1.125,
            1.1875,
            1.3125,
            1.4375,
            1.6875,
            1.875,
            2.0,
            2.5,
            2.5625,
            3.3125,
            3.4375,
            3.9375,
            4.0
        ],
        "slope_dff": [
            -0.78125,
            -0.46875,
            -0.4453125,
            -0.4140625,
            -0.359375,
            -0.3125,
            -0.2578125,
            -0.2109375,
            -0.1875,
            -0.1484375,
            -0.125,
            -0.1015625,
            -0.078125,
            -0.0703125,
            -0.0625,
            -0.0546875
        ],
        "intercept_dff": [
            1.765625,
            1.46875,
            1.4375,
            1.40625,
            1.34375,
            1.28125,
            1.203125,
            1.125,
            1.078125,
            1.0,
            0.9453125,
            0.8828125,
            0.8125,
            0.78125,
            0.75,
            0.7265625
        ]
    }
}