{
    "rsqrt": {
        "breakpoints": [
            1.0,
            1.125,
            1.1875,
            1.3125,
            1.4375,
            1.625,
            1.6875,
            1.875,
            2.125,
            2.3125,
            2.75,
            3.375,
            3.4375,
            3.9375,
            4.0
        ],
        "slope_dff": [
            -0.8046875,
            -0.453125,
            -0.3984375,
            -0.359375,
            -0.3125,
            -0.2578125,
            -0.2265625,
            -0.2109375,
            -0.1796875,
            -0.1484375,
            -0.125,
            -0.09375,
            -0.078125,
            -0.0703125,
            -0.0625,
            -0.0546875
        ],
        "intercept_dff": [
            1.78125,
            1.453125,
            1.390625,
            1.34375,
            1.28125,
            1.203125,
            1.15625,
            1.125,
            1.0625,
            1.0,
            0.9453125,
            0.859375,
            0.8125,
            0.78125,
            0.75,
            0.7265625
        ]
    }
}