{
    "rsqrt": {
        "breakpoints": [
            1.0,
            1.1875,
            1.3125,
            1.5625,
            2.0,
            2.0625,
            2.125,
            2.25,
            2.375,
            2.6875,
            2.75,
            3.0,
            3.375,
            3.4375,
            4.0
        ],
        "slope_dff": [
            -0.8046875,
            -0.4375,
            -0.359375,
            -0.2890625,
            -0.2109375,
            -0.171875,
            -0.1640625,
            -0.15625,
            -0.140625,
            -0.125,
            -0.109375,
            -0.1015625,
            -0.0859375,
            -0.078125,
            -0.0703125,
            -0.0546875
        ],
        "intercept_dff": [
            1.78125,
            1.4375,
            1.34375,
            1.25,
            1.125,
            1.046875,
            1.03125,
            1.015625,
            0.984375,
            0.9453125,
            0.90625,
            0.8828125,
            0.8359375,
            0.8125,
            0.78125,
            0.7265625
        ]
    }
}